{
  "series_npz": "figure04_edges_only_series.npz",
  "groundtruth_directory": "/home/lachlan/ProjectsLFS/nhi_reconstruction/groundtruth_spectrum_2835",
  "groundtruth_files": [
    "USB2F042671_16-05-20-488",
    "USB2F042671_16-05-22-288"
  ],
  "neg_scale": 1.3052505493164062,
  "rescale_step_us": 5000.0,
  "alignment": {
    "edge_quantile": 0.05,
    "slope_nm_per_ms": 0.5142183049854873,
    "intercept_nm": 278.59772547675834,
    "bg_edges_ms": [
      235.5092681630093,
      861.180594596676
    ],
    "gt_edges_nm": [
      399.70090215991354,
      721.4325511166551
    ]
  },
  "bg_vs_gt_plot": "figure04_edges_only_third.pdf"
}