{
  "dataset": "/home/lachlan/ProjectsLFS/nhi_reconstruction/scan_angle_20_led_2835b/angle_20_sanqin_2835_20250925_184638",
  "bin_width_us": 50000.0,
  "sensor_shape": [
    720,
    1280
  ],
  "param_file": "/home/lachlan/ProjectsLFS/nhi_reconstruction/scan_angle_20_led_2835b/angle_20_sanqin_2835_20250925_184638/angle_20_sanqin_2835_event_20250925_184638_segments/Scan_1_Forward_events_chunked_processing_learned_params_n13.npz",
  "neg_scale": 1.3096472024917603,
  "scenarios": {
    "Forward_only": {
      "avg_std": 0.43220379754590493,
      "avg_mad": 0.0
    },
    "F_plus_B": {
      "avg_std": 0.33014979772269726,
      "avg_mad": 0.12351961682240169
    },
    "three_cycles_F_plus_B": {
      "avg_std": 0.24032621923834085,
      "avg_mad": 0.11657517155011494
    }
  }
}